{
    "version": "2.0.0",
    "tasks": [
        {
            "label": "build in_out",
            "type": "shell",
            "command": "g++",
            "args": [
                "-g",
                "-o",
                "in_out",
                "basic_input_output/in_out.cpp"
            ],
            "group": {
                "kind": "build",
                "isDefault": true
            },
            "problemMatcher": []
        },
        {
            "label": "build read_write",
            "type": "shell",
            "command": "g++",
            "args": [
                "-g",
                "-o",
                "read_write",
                "files_and_streams/read_write.cpp"
            ],
            "group": {
                "kind": "build",
                "isDefault": true
            },
            "problemMatcher": []
        },
        {
            "label": "build books",
            "type": "shell",
            "command": "g++",
            "args": [
                "-g",
                "-o",
                "books",
                "struct/books.cpp"
            ],
            "group": {
                "kind": "build",
                "isDefault": true
            },
            "problemMatcher": []
        }
    ]
}