{
    "version": "2.0.0",
    "tasks": [
        {
            "label": "build curr_date",
            "type": "shell",
            "command": "g++",
            "args": [
                "-g",
                "-o",
                "cur_date",
                "date_and_time/curr_date.cpp"
            ],
            "group": {
                "kind": "build",
                "isDefault": true
            },
            "problemMatcher": []
        },
        {
            "label": "build fraction",
            "type": "shell",
            "command": "g++",
            "args": [
                "-g",
                "-o",
                "fraction",
                "object_oriented/fraction.cpp"
            ],
            "group": {
                "kind": "build",
                "isDefault": true
            },
            "problemMatcher": []
        },
        {
            "label": "build vector",
            "type": "shell",
            "command": "g++",
            "args": [
                "-g",
                "-o",
                "vector",
                "stl_tutorial/vector.cpp"
            ],
            "group": {
                "kind": "build",
                "isDefault": true
            },
            "problemMatcher": []
        },
        {
            "label": "build concat_len",
            "type": "shell",
            "command": "g++",
            "args": [
                "-g",
                "-o",
                "concat_len",
                "strings/concat_len.cpp"
            ],
            "group": {
                "kind": "build",
                "isDefault": true
            },
            "problemMatcher": []
        },
        {
            "label": "build class_temp",
            "type": "shell",
            "command": "g++",
            "args": [
                "-g",
                "-o",
                "class_temp",
                "templates/class_temp.cpp"
            ],
            "group": {
                "kind": "build",
                "isDefault": true
            },
            "problemMatcher": []
        },
      {
            "type": "shell",
            "label": "g++.exe build active file",
            "command": "C:\\Users\\astro\\OneDrive\\Desktop\\mingw32\\bin\\g++.exe",
            "args": [
                "-g",
                "${file}",
                "-o",
                "${fileDirname}\\${fileBasenameNoExtension}.exe"
            ],
            "options": {
                "cwd": "C:\\Users\\astro\\OneDrive\\Desktop\\mingw32\\bin"
            }
        }
    ]
}