  
{
    "version": "2.0.0",
    "tasks": [
        {
            "label": "build set_get.cpp",
            "type": "shell",
            "command": "g++",
            "args": [
                "-g",
                "-o",
                "area",
                "data_encapsulation/set_get.cpp"
            ],
            "group": {
                "kind": "build",
                "isDefault": true
            },
            "problemMatcher": []
        },
        {
            "label": "build try_catch_throw.cpp",
            "type": "shell",
            "command": "g++",
            "args": [
                "-g",
                "-o",
                "try_catch_throw",
                "exception_handling/try_catch_throw.cpp"
            ],
            "group": {
                "kind": "build",
                "isDefault": true
            },
            "problemMatcher": []
        },
        {
            "label": "build abstract_interface.cpp",
            "type": "shell",
            "command": "g++",
            "args": [
                "-g",
                "-o",
                "abstract_interface.cpp",
                "interfaces/abstract_interface.cpp"
            ],
            "group": {
                "kind": "build",
                "isDefault": true
            },
            "problemMatcher": []
        }
    ]
}
